<!-- $Id: Bindings.xml 329 2019-09-04 08:14:03Z arith $ -->
<!--

	Atlas, a World of Warcraft instance map browser
	Copyright 2005 ~ 2010 - Dan Gilbert <dan.b.gilbert at gmail dot com>
	Copyright 2010 - Lothaer <lothayer at gmail dot com>, Atlas Team
	Copyright 2011 ~ 2019 - Arith Hsu, Atlas Team <atlas.addon at gmail dot com>

	This file is part of Atlas.

	Atlas is free software; you can redistribute it and/or modify
	it under the terms of the GNU General Public License as published by
	the Free Software Foundation; either version 2 of the License, or
	(at your option) any later version.

	Atlas is distributed in the hope that it will be useful,
	but WITHOUT ANY WARRANTY; without even the implied warranty of
	MERCHANTABILITY or FITNESS FOR A PARTICULAR PURPOSE.  See the
	GNU General Public License for more details.

	You should have received a copy of the GNU General Public License
	along with Atlas; if not, write to the Free Software
	Foundation, Inc., 51 Franklin St, Fifth Floor, Boston, MA  02110-1301  USA

-->

<Bindings>
	<Binding name="ATLAS_TOGGLE" header="ATLAS_TITLE" category="ADDONS">
		Atlas_Toggle();
	</Binding>
	<Binding name="ATLAS_OPTIONS" category="ADDONS">
		Atlas:OpenOptions();
	</Binding>
	<Binding name="ATLAS_AUTOSEL" category="ADDONS">
		Atlas_AutoSelect();
	</Binding>
</Bindings>
